<annotation>
	<folder>jinshu</folder>
	<filename>100.png</filename>
	<path>C:\Datesets\datasets\MURA-v1.1\train-metal-data\se_test\jinshu\100.png</path>
	<source>
		<database>Unknown</database>
	</source>
	<size>
		<width>425</width>
		<height>512</height>
		<depth>1</depth>
	</size>
	<segmented>0</segmented>
	<object>
		<name>metal</name>
		<pose>Unspecified</pose>
		<truncated>0</truncated>
		<difficult>0</difficult>
		<bndbox>
			<xmin>196</xmin>
			<ymin>252</ymin>
			<xmax>221</xmax>
			<ymax>331</ymax>
		</bndbox>
	</object>
	<object>
		<name>metal</name>
		<pose>Unspecified</pose>
		<truncated>0</truncated>
		<difficult>0</difficult>
		<bndbox>
			<xmin>231</xmin>
			<ymin>237</ymin>
			<xmax>287</xmax>
			<ymax>367</ymax>
		</bndbox>
	</object>
</annotation>
