<annotation>
	<folder>jinshu</folder>
	<filename>1005.png</filename>
	<path>C:\Datesets\datasets\MURA-v1.1\train-metal-data\se_test\jinshu\1005.png</path>
	<source>
		<database>Unknown</database>
	</source>
	<size>
		<width>359</width>
		<height>512</height>
		<depth>1</depth>
	</size>
	<segmented>0</segmented>
	<object>
		<name>metal</name>
		<pose>Unspecified</pose>
		<truncated>0</truncated>
		<difficult>0</difficult>
		<bndbox>
			<xmin>170</xmin>
			<ymin>146</ymin>
			<xmax>210</xmax>
			<ymax>302</ymax>
		</bndbox>
	</object>
	<object>
		<name>metal</name>
		<pose>Unspecified</pose>
		<truncated>0</truncated>
		<difficult>0</difficult>
		<bndbox>
			<xmin>203</xmin>
			<ymin>148</ymin>
			<xmax>246</xmax>
			<ymax>333</ymax>
		</bndbox>
	</object>
	<object>
		<name>metal</name>
		<pose>Unspecified</pose>
		<truncated>0</truncated>
		<difficult>0</difficult>
		<bndbox>
			<xmin>243</xmin>
			<ymin>202</ymin>
			<xmax>261</xmax>
			<ymax>324</ymax>
		</bndbox>
	</object>
</annotation>
