<annotation verified="yes">
	<folder>jinshu</folder>
	<filename>1007.png</filename>
	<path>C:\Datesets\datasets\MURA-v1.1\train-metal-data\se_test\jinshu\1007.png</path>
	<source>
		<database>Unknown</database>
	</source>
	<size>
		<width>364</width>
		<height>512</height>
		<depth>1</depth>
	</size>
	<segmented>0</segmented>
	<object>
		<name>metal</name>
		<pose>Unspecified</pose>
		<truncated>0</truncated>
		<difficult>0</difficult>
		<bndbox>
			<xmin>167</xmin>
			<ymin>190</ymin>
			<xmax>196</xmax>
			<ymax>345</ymax>
		</bndbox>
	</object>
	<object>
		<name>metal</name>
		<pose>Unspecified</pose>
		<truncated>0</truncated>
		<difficult>0</difficult>
		<bndbox>
			<xmin>201</xmin>
			<ymin>189</ymin>
			<xmax>234</xmax>
			<ymax>372</ymax>
		</bndbox>
	</object>
	<object>
		<name>metal</name>
		<pose>Unspecified</pose>
		<truncated>0</truncated>
		<difficult>0</difficult>
		<bndbox>
			<xmin>232</xmin>
			<ymin>237</ymin>
			<xmax>263</xmax>
			<ymax>361</ymax>
		</bndbox>
	</object>
</annotation>
