<annotation verified="yes">
	<folder>jinshu</folder>
	<filename>101.png</filename>
	<path>C:\Datesets\datasets\MURA-v1.1\train-metal-data\se_test\jinshu\101.png</path>
	<source>
		<database>Unknown</database>
	</source>
	<size>
		<width>425</width>
		<height>512</height>
		<depth>1</depth>
	</size>
	<segmented>0</segmented>
	<object>
		<name>metal</name>
		<pose>Unspecified</pose>
		<truncated>0</truncated>
		<difficult>0</difficult>
		<bndbox>
			<xmin>171</xmin>
			<ymin>267</ymin>
			<xmax>197</xmax>
			<ymax>346</ymax>
		</bndbox>
	</object>
	<object>
		<name>metal</name>
		<pose>Unspecified</pose>
		<truncated>0</truncated>
		<difficult>0</difficult>
		<bndbox>
			<xmin>183</xmin>
			<ymin>264</ymin>
			<xmax>232</xmax>
			<ymax>396</ymax>
		</bndbox>
	</object>
</annotation>
