<annotation>
	<folder>JPEGImages</folder>
	<filename>103.png</filename>
	<path>I:\Users\GoGoing\Desktop\mura_test\VOC2020\JPEGImages\103.png</path>
	<source>
		<database>Unknown</database>
	</source>
	<size>
		<width>406</width>
		<height>512</height>
		<depth>1</depth>
	</size>
	<segmented>0</segmented>
	<object>
		<name>fracture</name>
		<pose>Unspecified</pose>
		<truncated>0</truncated>
		<difficult>0</difficult>
		<bndbox>
			<xmin>159</xmin>
			<ymin>333</ymin>
			<xmax>192</xmax>
			<ymax>358</ymax>
		</bndbox>
	</object>
</annotation>
