<annotation verified="yes">
	<folder>jinshu</folder>
	<filename>1039.png</filename>
	<path>C:\Datesets\datasets\MURA-v1.1\train-metal-data\se_test\jinshu\1039.png</path>
	<source>
		<database>Unknown</database>
	</source>
	<size>
		<width>329</width>
		<height>512</height>
		<depth>1</depth>
	</size>
	<segmented>0</segmented>
	<object>
		<name>metal</name>
		<pose>Unspecified</pose>
		<truncated>0</truncated>
		<difficult>0</difficult>
		<bndbox>
			<xmin>93</xmin>
			<ymin>229</ymin>
			<xmax>123</xmax>
			<ymax>289</ymax>
		</bndbox>
	</object>
</annotation>
