<annotation verified="yes">
	<folder>jinshu</folder>
	<filename>1056.png</filename>
	<path>C:\Datesets\datasets\MURA-v1.1\train-metal-data\se_test\jinshu\1056.png</path>
	<source>
		<database>Unknown</database>
	</source>
	<size>
		<width>337</width>
		<height>512</height>
		<depth>1</depth>
	</size>
	<segmented>0</segmented>
	<object>
		<name>metal</name>
		<pose>Unspecified</pose>
		<truncated>0</truncated>
		<difficult>0</difficult>
		<bndbox>
			<xmin>59</xmin>
			<ymin>257</ymin>
			<xmax>150</xmax>
			<ymax>328</ymax>
		</bndbox>
	</object>
	<object>
		<name>metal</name>
		<pose>Unspecified</pose>
		<truncated>0</truncated>
		<difficult>0</difficult>
		<bndbox>
			<xmin>38</xmin>
			<ymin>269</ymin>
			<xmax>154</xmax>
			<ymax>340</ymax>
		</bndbox>
	</object>
	<object>
		<name>metal</name>
		<pose>Unspecified</pose>
		<truncated>0</truncated>
		<difficult>0</difficult>
		<bndbox>
			<xmin>56</xmin>
			<ymin>297</ymin>
			<xmax>142</xmax>
			<ymax>333</ymax>
		</bndbox>
	</object>
</annotation>
