<annotation verified="yes">
	<folder>jinshu</folder>
	<filename>1057.png</filename>
	<path>C:\Datesets\datasets\MURA-v1.1\train-metal-data\se_test\jinshu\1057.png</path>
	<source>
		<database>Unknown</database>
	</source>
	<size>
		<width>398</width>
		<height>512</height>
		<depth>1</depth>
	</size>
	<segmented>0</segmented>
	<object>
		<name>metal</name>
		<pose>Unspecified</pose>
		<truncated>0</truncated>
		<difficult>0</difficult>
		<bndbox>
			<xmin>115</xmin>
			<ymin>291</ymin>
			<xmax>192</xmax>
			<ymax>362</ymax>
		</bndbox>
	</object>
	<object>
		<name>metal</name>
		<pose>Unspecified</pose>
		<truncated>0</truncated>
		<difficult>0</difficult>
		<bndbox>
			<xmin>85</xmin>
			<ymin>302</ymin>
			<xmax>192</xmax>
			<ymax>378</ymax>
		</bndbox>
	</object>
	<object>
		<name>metal</name>
		<pose>Unspecified</pose>
		<truncated>0</truncated>
		<difficult>0</difficult>
		<bndbox>
			<xmin>85</xmin>
			<ymin>331</ymin>
			<xmax>195</xmax>
			<ymax>366</ymax>
		</bndbox>
	</object>
</annotation>
