<annotation verified="yes">
	<folder>jinshu</folder>
	<filename>1061.png</filename>
	<path>C:\Datesets\datasets\MURA-v1.1\train-metal-data\se_test\jinshu\1061.png</path>
	<source>
		<database>Unknown</database>
	</source>
	<size>
		<width>445</width>
		<height>512</height>
		<depth>1</depth>
	</size>
	<segmented>0</segmented>
	<object>
		<name>metal</name>
		<pose>Unspecified</pose>
		<truncated>0</truncated>
		<difficult>0</difficult>
		<bndbox>
			<xmin>235</xmin>
			<ymin>79</ymin>
			<xmax>248</xmax>
			<ymax>117</ymax>
		</bndbox>
	</object>
	<object>
		<name>metal</name>
		<pose>Unspecified</pose>
		<truncated>0</truncated>
		<difficult>0</difficult>
		<bndbox>
			<xmin>293</xmin>
			<ymin>102</ymin>
			<xmax>320</xmax>
			<ymax>157</ymax>
		</bndbox>
	</object>
</annotation>
