<annotation verified="yes">
	<folder>jinshu</folder>
	<filename>1062.png</filename>
	<path>C:\Datesets\datasets\MURA-v1.1\train-metal-data\se_test\jinshu\1062.png</path>
	<source>
		<database>Unknown</database>
	</source>
	<size>
		<width>446</width>
		<height>512</height>
		<depth>1</depth>
	</size>
	<segmented>0</segmented>
	<object>
		<name>metal</name>
		<pose>Unspecified</pose>
		<truncated>0</truncated>
		<difficult>0</difficult>
		<bndbox>
			<xmin>242</xmin>
			<ymin>78</ymin>
			<xmax>258</xmax>
			<ymax>117</ymax>
		</bndbox>
	</object>
	<object>
		<name>metal</name>
		<pose>Unspecified</pose>
		<truncated>0</truncated>
		<difficult>0</difficult>
		<bndbox>
			<xmin>300</xmin>
			<ymin>95</ymin>
			<xmax>316</xmax>
			<ymax>153</ymax>
		</bndbox>
	</object>
</annotation>
