<annotation verified="yes">
	<folder>jinshu</folder>
	<filename>1063.png</filename>
	<path>C:\Datesets\datasets\MURA-v1.1\train-metal-data\se_test\jinshu\1063.png</path>
	<source>
		<database>Unknown</database>
	</source>
	<size>
		<width>446</width>
		<height>512</height>
		<depth>1</depth>
	</size>
	<segmented>0</segmented>
	<object>
		<name>metal</name>
		<pose>Unspecified</pose>
		<truncated>0</truncated>
		<difficult>0</difficult>
		<bndbox>
			<xmin>257</xmin>
			<ymin>64</ymin>
			<xmax>284</xmax>
			<ymax>104</ymax>
		</bndbox>
	</object>
	<object>
		<name>metal</name>
		<pose>Unspecified</pose>
		<truncated>0</truncated>
		<difficult>0</difficult>
		<bndbox>
			<xmin>289</xmin>
			<ymin>179</ymin>
			<xmax>344</xmax>
			<ymax>196</ymax>
		</bndbox>
	</object>
</annotation>
