<annotation>
	<folder>jinshu</folder>
	<filename>1077.png</filename>
	<path>C:\Datesets\datasets\MURA-v1.1\train-metal-data\se_test\jinshu\1077.png</path>
	<source>
		<database>Unknown</database>
	</source>
	<size>
		<width>354</width>
		<height>512</height>
		<depth>1</depth>
	</size>
	<segmented>0</segmented>
	<object>
		<name>metal</name>
		<pose>Unspecified</pose>
		<truncated>0</truncated>
		<difficult>0</difficult>
		<bndbox>
			<xmin>155</xmin>
			<ymin>290</ymin>
			<xmax>186</xmax>
			<ymax>373</ymax>
		</bndbox>
	</object>
	<object>
		<name>metal</name>
		<pose>Unspecified</pose>
		<truncated>0</truncated>
		<difficult>0</difficult>
		<bndbox>
			<xmin>166</xmin>
			<ymin>309</ymin>
			<xmax>210</xmax>
			<ymax>377</ymax>
		</bndbox>
	</object>
</annotation>
