<annotation>
	<folder>jinshu</folder>
	<filename>1101.png</filename>
	<path>C:\Datesets\datasets\MURA-v1.1\train-metal-data\se_test\jinshu\1101.png</path>
	<source>
		<database>Unknown</database>
	</source>
	<size>
		<width>304</width>
		<height>512</height>
		<depth>1</depth>
	</size>
	<segmented>0</segmented>
	<object>
		<name>metal</name>
		<pose>Unspecified</pose>
		<truncated>0</truncated>
		<difficult>0</difficult>
		<bndbox>
			<xmin>111</xmin>
			<ymin>279</ymin>
			<xmax>129</xmax>
			<ymax>312</ymax>
		</bndbox>
	</object>
	<object>
		<name>metal</name>
		<pose>Unspecified</pose>
		<truncated>0</truncated>
		<difficult>0</difficult>
		<bndbox>
			<xmin>100</xmin>
			<ymin>313</ymin>
			<xmax>126</xmax>
			<ymax>338</ymax>
		</bndbox>
	</object>
</annotation>
