<annotation>
	<folder>jinshu</folder>
	<filename>111.png</filename>
	<path>C:\Datesets\datasets\MURA-v1.1\train-metal-data\se_test\jinshu\111.png</path>
	<source>
		<database>Unknown</database>
	</source>
	<size>
		<width>309</width>
		<height>512</height>
		<depth>1</depth>
	</size>
	<segmented>0</segmented>
	<object>
		<name>metal</name>
		<pose>Unspecified</pose>
		<truncated>0</truncated>
		<difficult>0</difficult>
		<bndbox>
			<xmin>123</xmin>
			<ymin>126</ymin>
			<xmax>194</xmax>
			<ymax>438</ymax>
		</bndbox>
	</object>
</annotation>
