<annotation>
	<folder>JPEGImages</folder>
	<filename>1110.png</filename>
	<path>I:\Users\GoGoing\Desktop\mura_test\VOC2020\JPEGImages\1110.png</path>
	<source>
		<database>Unknown</database>
	</source>
	<size>
		<width>425</width>
		<height>512</height>
		<depth>1</depth>
	</size>
	<segmented>0</segmented>
	<object>
		<name>fracture</name>
		<pose>Unspecified</pose>
		<truncated>0</truncated>
		<difficult>0</difficult>
		<bndbox>
			<xmin>194</xmin>
			<ymin>408</ymin>
			<xmax>249</xmax>
			<ymax>440</ymax>
		</bndbox>
	</object>
	<object>
		<name>fracture</name>
		<pose>Unspecified</pose>
		<truncated>0</truncated>
		<difficult>0</difficult>
		<bndbox>
			<xmin>152</xmin>
			<ymin>405</ymin>
			<xmax>189</xmax>
			<ymax>431</ymax>
		</bndbox>
	</object>
</annotation>
