<annotation>
	<folder>jinshu</folder>
	<filename>1116.png</filename>
	<path>C:\Datesets\datasets\MURA-v1.1\train-metal-data\se_test\jinshu\1116.png</path>
	<source>
		<database>Unknown</database>
	</source>
	<size>
		<width>407</width>
		<height>512</height>
		<depth>1</depth>
	</size>
	<segmented>0</segmented>
	<object>
		<name>metal</name>
		<pose>Unspecified</pose>
		<truncated>0</truncated>
		<difficult>0</difficult>
		<bndbox>
			<xmin>200</xmin>
			<ymin>24</ymin>
			<xmax>282</xmax>
			<ymax>143</ymax>
		</bndbox>
	</object>
	<object>
		<name>metal</name>
		<pose>Unspecified</pose>
		<truncated>0</truncated>
		<difficult>0</difficult>
		<bndbox>
			<xmin>220</xmin>
			<ymin>90</ymin>
			<xmax>265</xmax>
			<ymax>111</ymax>
		</bndbox>
	</object>
	<object>
		<name>metal</name>
		<pose>Unspecified</pose>
		<truncated>0</truncated>
		<difficult>0</difficult>
		<bndbox>
			<xmin>264</xmin>
			<ymin>327</ymin>
			<xmax>347</xmax>
			<ymax>431</ymax>
		</bndbox>
	</object>
</annotation>
