<annotation>
	<folder>jinshu</folder>
	<filename>1126.png</filename>
	<path>C:\Datesets\datasets\MURA-v1.1\train-metal-data\se_test\jinshu\1126.png</path>
	<source>
		<database>Unknown</database>
	</source>
	<size>
		<width>424</width>
		<height>512</height>
		<depth>1</depth>
	</size>
	<segmented>0</segmented>
	<object>
		<name>metal</name>
		<pose>Unspecified</pose>
		<truncated>0</truncated>
		<difficult>0</difficult>
		<bndbox>
			<xmin>88</xmin>
			<ymin>131</ymin>
			<xmax>202</xmax>
			<ymax>300</ymax>
		</bndbox>
	</object>
	<object>
		<name>metal</name>
		<pose>Unspecified</pose>
		<truncated>0</truncated>
		<difficult>0</difficult>
		<bndbox>
			<xmin>219</xmin>
			<ymin>136</ymin>
			<xmax>344</xmax>
			<ymax>301</ymax>
		</bndbox>
	</object>
</annotation>
