<annotation>
	<folder>img</folder>
	<filename>1152.png</filename>
	<path>C:\Datesets\datasets\MURA-v1.1\tmp\img\1152.png</path>
	<source>
		<database>Unknown</database>
	</source>
	<size>
		<width>367</width>
		<height>512</height>
		<depth>1</depth>
	</size>
	<segmented>0</segmented>
	<object>
		<name>metal</name>
		<pose>Unspecified</pose>
		<truncated>0</truncated>
		<difficult>0</difficult>
		<bndbox>
			<xmin>159</xmin>
			<ymin>137</ymin>
			<xmax>223</xmax>
			<ymax>161</ymax>
		</bndbox>
	</object>
	<object>
		<name>metal</name>
		<pose>Unspecified</pose>
		<truncated>0</truncated>
		<difficult>0</difficult>
		<bndbox>
			<xmin>166</xmin>
			<ymin>148</ymin>
			<xmax>230</xmax>
			<ymax>284</ymax>
		</bndbox>
	</object>
	<object>
		<name>metal</name>
		<pose>Unspecified</pose>
		<truncated>0</truncated>
		<difficult>0</difficult>
		<bndbox>
			<xmin>177</xmin>
			<ymin>138</ymin>
			<xmax>264</xmax>
			<ymax>301</ymax>
		</bndbox>
	</object>
	<object>
		<name>metal</name>
		<pose>Unspecified</pose>
		<truncated>0</truncated>
		<difficult>0</difficult>
		<bndbox>
			<xmin>217</xmin>
			<ymin>179</ymin>
			<xmax>260</xmax>
			<ymax>275</ymax>
		</bndbox>
	</object>
</annotation>
