<annotation>
	<folder>jinshu</folder>
	<filename>1153.png</filename>
	<path>C:\Datesets\datasets\MURA-v1.1\train-metal-data\se_test\jinshu\1153.png</path>
	<source>
		<database>Unknown</database>
	</source>
	<size>
		<width>341</width>
		<height>512</height>
		<depth>1</depth>
	</size>
	<segmented>0</segmented>
	<object>
		<name>metal</name>
		<pose>Unspecified</pose>
		<truncated>0</truncated>
		<difficult>0</difficult>
		<bndbox>
			<xmin>140</xmin>
			<ymin>147</ymin>
			<xmax>178</xmax>
			<ymax>306</ymax>
		</bndbox>
	</object>
	<object>
		<name>metal</name>
		<pose>Unspecified</pose>
		<truncated>0</truncated>
		<difficult>0</difficult>
		<bndbox>
			<xmin>177</xmin>
			<ymin>142</ymin>
			<xmax>230</xmax>
			<ymax>324</ymax>
		</bndbox>
	</object>
	<object>
		<name>metal</name>
		<pose>Unspecified</pose>
		<truncated>0</truncated>
		<difficult>0</difficult>
		<bndbox>
			<xmin>232</xmin>
			<ymin>183</ymin>
			<xmax>248</xmax>
			<ymax>310</ymax>
		</bndbox>
	</object>
</annotation>
