<annotation>
	<folder>jinshu</folder>
	<filename>1154.png</filename>
	<path>C:\Datesets\datasets\MURA-v1.1\train-metal-data\se_test\jinshu\1154.png</path>
	<source>
		<database>Unknown</database>
	</source>
	<size>
		<width>286</width>
		<height>512</height>
		<depth>1</depth>
	</size>
	<segmented>0</segmented>
	<object>
		<name>metal</name>
		<pose>Unspecified</pose>
		<truncated>0</truncated>
		<difficult>0</difficult>
		<bndbox>
			<xmin>120</xmin>
			<ymin>95</ymin>
			<xmax>224</xmax>
			<ymax>261</ymax>
		</bndbox>
	</object>
</annotation>
