<annotation>
	<folder>img</folder>
	<filename>120.png</filename>
	<path>C:\Datesets\datasets\MURA-v1.1\tmp\img\120.png</path>
	<source>
		<database>Unknown</database>
	</source>
	<size>
		<width>407</width>
		<height>512</height>
		<depth>1</depth>
	</size>
	<segmented>0</segmented>
	<object>
		<name>metal</name>
		<pose>Unspecified</pose>
		<truncated>0</truncated>
		<difficult>0</difficult>
		<bndbox>
			<xmin>165</xmin>
			<ymin>359</ymin>
			<xmax>191</xmax>
			<ymax>376</ymax>
		</bndbox>
	</object>
</annotation>
