<annotation>
	<folder>jinshu</folder>
	<filename>1358.png</filename>
	<path>C:\Datesets\datasets\MURA-v1.1\train-metal-data\se_test\jinshu\1358.png</path>
	<source>
		<database>Unknown</database>
	</source>
	<size>
		<width>348</width>
		<height>512</height>
		<depth>1</depth>
	</size>
	<segmented>0</segmented>
	<object>
		<name>metal</name>
		<pose>Unspecified</pose>
		<truncated>0</truncated>
		<difficult>0</difficult>
		<bndbox>
			<xmin>107</xmin>
			<ymin>239</ymin>
			<xmax>142</xmax>
			<ymax>298</ymax>
		</bndbox>
	</object>
</annotation>
