<annotation verified="yes">
	<folder>JPEGImages</folder>
	<filename>1420.png</filename>
	<path>I:\Users\GoGoing\Desktop\mura_test\VOC2020\JPEGImages\1420.png</path>
	<source>
		<database>Unknown</database>
	</source>
	<size>
		<width>512</width>
		<height>507</height>
		<depth>1</depth>
	</size>
	<segmented>0</segmented>
	<object>
		<name>fracture</name>
		<pose>Unspecified</pose>
		<truncated>0</truncated>
		<difficult>0</difficult>
		<bndbox>
			<xmin>245</xmin>
			<ymin>250</ymin>
			<xmax>283</xmax>
			<ymax>291</ymax>
		</bndbox>
	</object>
</annotation>
