<annotation verified="yes">
	<folder>JPEGImages</folder>
	<filename>1421.png</filename>
	<path>I:\Users\GoGoing\Desktop\mura_test\VOC2020\JPEGImages\1421.png</path>
	<source>
		<database>Unknown</database>
	</source>
	<size>
		<width>384</width>
		<height>512</height>
		<depth>1</depth>
	</size>
	<segmented>0</segmented>
	<object>
		<name>fracture</name>
		<pose>Unspecified</pose>
		<truncated>0</truncated>
		<difficult>0</difficult>
		<bndbox>
			<xmin>144</xmin>
			<ymin>309</ymin>
			<xmax>185</xmax>
			<ymax>348</ymax>
		</bndbox>
	</object>
</annotation>
