<annotation>
	<folder>jinshu</folder>
	<filename>1426.png</filename>
	<path>C:\Datesets\datasets\MURA-v1.1\train-metal-data\se_test\jinshu\1426.png</path>
	<source>
		<database>Unknown</database>
	</source>
	<size>
		<width>485</width>
		<height>512</height>
		<depth>1</depth>
	</size>
	<segmented>0</segmented>
	<object>
		<name>metal</name>
		<pose>Unspecified</pose>
		<truncated>0</truncated>
		<difficult>0</difficult>
		<bndbox>
			<xmin>195</xmin>
			<ymin>111</ymin>
			<xmax>389</xmax>
			<ymax>378</ymax>
		</bndbox>
	</object>
	<object>
		<name>metal</name>
		<pose>Unspecified</pose>
		<truncated>0</truncated>
		<difficult>0</difficult>
		<bndbox>
			<xmin>259</xmin>
			<ymin>230</ymin>
			<xmax>393</xmax>
			<ymax>423</ymax>
		</bndbox>
	</object>
</annotation>
