<annotation>
	<folder>JPEGImages</folder>
	<filename>1437.png</filename>
	<path>I:\Users\GoGoing\Desktop\mura_test\VOC2020\JPEGImages\1437.png</path>
	<source>
		<database>Unknown</database>
	</source>
	<size>
		<width>380</width>
		<height>512</height>
		<depth>1</depth>
	</size>
	<segmented>0</segmented>
	<object>
		<name>fracture</name>
		<pose>Unspecified</pose>
		<truncated>0</truncated>
		<difficult>0</difficult>
		<bndbox>
			<xmin>112</xmin>
			<ymin>96</ymin>
			<xmax>199</xmax>
			<ymax>195</ymax>
		</bndbox>
	</object>
</annotation>
