<annotation verified="yes">
	<folder>JPEGImages</folder>
	<filename>1442.png</filename>
	<path>I:\Users\GoGoing\Desktop\mura_test\VOC2020\JPEGImages\1442.png</path>
	<source>
		<database>Unknown</database>
	</source>
	<size>
		<width>420</width>
		<height>512</height>
		<depth>1</depth>
	</size>
	<segmented>0</segmented>
	<object>
		<name>fracture</name>
		<pose>Unspecified</pose>
		<truncated>0</truncated>
		<difficult>0</difficult>
		<bndbox>
			<xmin>217</xmin>
			<ymin>230</ymin>
			<xmax>253</xmax>
			<ymax>267</ymax>
		</bndbox>
	</object>
</annotation>
