<annotation>
	<folder>jinshu</folder>
	<filename>1459.png</filename>
	<path>C:\Datesets\datasets\MURA-v1.1\train-metal-data\se_test\jinshu\1459.png</path>
	<source>
		<database>Unknown</database>
	</source>
	<size>
		<width>445</width>
		<height>512</height>
		<depth>1</depth>
	</size>
	<segmented>0</segmented>
	<object>
		<name>metal</name>
		<pose>Unspecified</pose>
		<truncated>0</truncated>
		<difficult>0</difficult>
		<bndbox>
			<xmin>130</xmin>
			<ymin>65</ymin>
			<xmax>309</xmax>
			<ymax>355</ymax>
		</bndbox>
	</object>
	<object>
		<name>metal</name>
		<pose>Unspecified</pose>
		<truncated>0</truncated>
		<difficult>0</difficult>
		<bndbox>
			<xmin>190</xmin>
			<ymin>176</ymin>
			<xmax>226</xmax>
			<ymax>196</ymax>
		</bndbox>
	</object>
	<object>
		<name>metal</name>
		<pose>Unspecified</pose>
		<truncated>0</truncated>
		<difficult>0</difficult>
		<bndbox>
			<xmin>225</xmin>
			<ymin>235</ymin>
			<xmax>257</xmax>
			<ymax>256</ymax>
		</bndbox>
	</object>
</annotation>
