<annotation verified="yes">
	<folder>nojinshu</folder>
	<filename>146.png</filename>
	<path>D:\Datasets\yiliao\MURA-v1.1\MURA-v1.1\mura-other-ob\img\val\nojinshu\146.png</path>
	<source>
		<database>Unknown</database>
	</source>
	<size>
		<width>220</width>
		<height>512</height>
		<depth>1</depth>
	</size>
	<segmented>0</segmented>
	<object>
		<name>fracture</name>
		<pose>Unspecified</pose>
		<truncated>0</truncated>
		<difficult>0</difficult>
		<bndbox>
			<xmin>80</xmin>
			<ymin>302</ymin>
			<xmax>154</xmax>
			<ymax>345</ymax>
		</bndbox>
	</object>
</annotation>
