<annotation>
	<folder>jinshu</folder>
	<filename>1471.png</filename>
	<path>C:\Datesets\datasets\MURA-v1.1\train-metal-data\se_test\jinshu\1471.png</path>
	<source>
		<database>Unknown</database>
	</source>
	<size>
		<width>274</width>
		<height>512</height>
		<depth>1</depth>
	</size>
	<segmented>0</segmented>
	<object>
		<name>metal</name>
		<pose>Unspecified</pose>
		<truncated>0</truncated>
		<difficult>0</difficult>
		<bndbox>
			<xmin>111</xmin>
			<ymin>114</ymin>
			<xmax>258</xmax>
			<ymax>162</ymax>
		</bndbox>
	</object>
	<object>
		<name>metal</name>
		<pose>Unspecified</pose>
		<truncated>0</truncated>
		<difficult>0</difficult>
		<bndbox>
			<xmin>116</xmin>
			<ymin>155</ymin>
			<xmax>261</xmax>
			<ymax>195</ymax>
		</bndbox>
	</object>
</annotation>
