<annotation verified="yes">
	<folder>jinshu</folder>
	<filename>1496.png</filename>
	<path>C:\Datesets\datasets\MURA-v1.1\train-metal-data\se_test\jinshu\1496.png</path>
	<source>
		<database>Unknown</database>
	</source>
	<size>
		<width>512</width>
		<height>164</height>
		<depth>1</depth>
	</size>
	<segmented>0</segmented>
	<object>
		<name>metal</name>
		<pose>Unspecified</pose>
		<truncated>0</truncated>
		<difficult>0</difficult>
		<bndbox>
			<xmin>50</xmin>
			<ymin>41</ymin>
			<xmax>67</xmax>
			<ymax>128</ymax>
		</bndbox>
	</object>
	<object>
		<name>metal</name>
		<pose>Unspecified</pose>
		<truncated>0</truncated>
		<difficult>0</difficult>
		<bndbox>
			<xmin>66</xmin>
			<ymin>91</ymin>
			<xmax>154</xmax>
			<ymax>127</ymax>
		</bndbox>
	</object>
	<object>
		<name>metal</name>
		<pose>Unspecified</pose>
		<truncated>0</truncated>
		<difficult>0</difficult>
		<bndbox>
			<xmin>200</xmin>
			<ymin>86</ymin>
			<xmax>344</xmax>
			<ymax>125</ymax>
		</bndbox>
	</object>
	<object>
		<name>metal</name>
		<pose>Unspecified</pose>
		<truncated>0</truncated>
		<difficult>0</difficult>
		<bndbox>
			<xmin>424</xmin>
			<ymin>32</ymin>
			<xmax>478</xmax>
			<ymax>85</ymax>
		</bndbox>
	</object>
</annotation>
