<annotation verified="yes">
	<folder>nojinshu</folder>
	<filename>1509.png</filename>
	<path>D:\Datasets\yiliao\MURA-v1.1\MURA-v1.1\mura-other-ob\img\val\nojinshu\1509.png</path>
	<source>
		<database>Unknown</database>
	</source>
	<size>
		<width>512</width>
		<height>289</height>
		<depth>1</depth>
	</size>
	<segmented>0</segmented>
	<object>
		<name>abnormal</name>
		<pose>Unspecified</pose>
		<truncated>0</truncated>
		<difficult>0</difficult>
		<bndbox>
			<xmin>159</xmin>
			<ymin>84</ymin>
			<xmax>251</xmax>
			<ymax>134</ymax>
		</bndbox>
	</object>
	<object>
		<name>abnormal</name>
		<pose>Unspecified</pose>
		<truncated>0</truncated>
		<difficult>0</difficult>
		<bndbox>
			<xmin>33</xmin>
			<ymin>29</ymin>
			<xmax>157</xmax>
			<ymax>101</ymax>
		</bndbox>
	</object>
</annotation>
