<annotation verified="yes">
	<folder>nojinshu</folder>
	<filename>1522.png</filename>
	<path>D:\Datasets\yiliao\MURA-v1.1\MURA-v1.1\mura-other-ob\img\val\nojinshu\1522.png</path>
	<source>
		<database>Unknown</database>
	</source>
	<size>
		<width>512</width>
		<height>509</height>
		<depth>1</depth>
	</size>
	<segmented>0</segmented>
	<object>
		<name>fracture</name>
		<pose>Unspecified</pose>
		<truncated>0</truncated>
		<difficult>0</difficult>
		<bndbox>
			<xmin>219</xmin>
			<ymin>181</ymin>
			<xmax>252</xmax>
			<ymax>230</ymax>
		</bndbox>
	</object>
	<object>
		<name>fracture</name>
		<pose>Unspecified</pose>
		<truncated>0</truncated>
		<difficult>0</difficult>
		<bndbox>
			<xmin>174</xmin>
			<ymin>82</ymin>
			<xmax>223</xmax>
			<ymax>123</ymax>
		</bndbox>
	</object>
</annotation>
