<annotation verified="yes">
	<folder>jinshu</folder>
	<filename>1529.png</filename>
	<path>C:\Datesets\datasets\MURA-v1.1\train-metal-data\se_test\jinshu\1529.png</path>
	<source>
		<database>Unknown</database>
	</source>
	<size>
		<width>439</width>
		<height>512</height>
		<depth>1</depth>
	</size>
	<segmented>0</segmented>
	<object>
		<name>metal</name>
		<pose>Unspecified</pose>
		<truncated>0</truncated>
		<difficult>0</difficult>
		<bndbox>
			<xmin>158</xmin>
			<ymin>65</ymin>
			<xmax>350</xmax>
			<ymax>346</ymax>
		</bndbox>
	</object>
	<object>
		<name>metal</name>
		<pose>Unspecified</pose>
		<truncated>0</truncated>
		<difficult>0</difficult>
		<bndbox>
			<xmin>312</xmin>
			<ymin>77</ymin>
			<xmax>365</xmax>
			<ymax>112</ymax>
		</bndbox>
	</object>
</annotation>
