<annotation verified="yes">
	<folder>jinshu</folder>
	<filename>1530.png</filename>
	<path>C:\Datesets\datasets\MURA-v1.1\train-metal-data\se_test\jinshu\1530.png</path>
	<source>
		<database>Unknown</database>
	</source>
	<size>
		<width>485</width>
		<height>512</height>
		<depth>1</depth>
	</size>
	<segmented>0</segmented>
	<object>
		<name>metal</name>
		<pose>Unspecified</pose>
		<truncated>0</truncated>
		<difficult>0</difficult>
		<bndbox>
			<xmin>178</xmin>
			<ymin>72</ymin>
			<xmax>372</xmax>
			<ymax>357</ymax>
		</bndbox>
	</object>
	<object>
		<name>metal</name>
		<pose>Unspecified</pose>
		<truncated>0</truncated>
		<difficult>0</difficult>
		<bndbox>
			<xmin>199</xmin>
			<ymin>293</ymin>
			<xmax>229</xmax>
			<ymax>315</ymax>
		</bndbox>
	</object>
</annotation>
