<annotation verified="yes">
	<folder>jinshu</folder>
	<filename>1531.png</filename>
	<path>C:\Datesets\datasets\MURA-v1.1\train-metal-data\se_test\jinshu\1531.png</path>
	<source>
		<database>Unknown</database>
	</source>
	<size>
		<width>502</width>
		<height>512</height>
		<depth>1</depth>
	</size>
	<segmented>0</segmented>
	<object>
		<name>metal</name>
		<pose>Unspecified</pose>
		<truncated>0</truncated>
		<difficult>0</difficult>
		<bndbox>
			<xmin>154</xmin>
			<ymin>124</ymin>
			<xmax>430</xmax>
			<ymax>329</ymax>
		</bndbox>
	</object>
	<object>
		<name>metal</name>
		<pose>Unspecified</pose>
		<truncated>0</truncated>
		<difficult>0</difficult>
		<bndbox>
			<xmin>194</xmin>
			<ymin>275</ymin>
			<xmax>217</xmax>
			<ymax>308</ymax>
		</bndbox>
	</object>
</annotation>
