<annotation verified="yes">
	<folder>jinshu</folder>
	<filename>1543.png</filename>
	<path>C:\Datesets\datasets\MURA-v1.1\train-metal-data\se_test\jinshu\1543.png</path>
	<source>
		<database>Unknown</database>
	</source>
	<size>
		<width>352</width>
		<height>512</height>
		<depth>1</depth>
	</size>
	<segmented>0</segmented>
	<object>
		<name>metal</name>
		<pose>Unspecified</pose>
		<truncated>0</truncated>
		<difficult>0</difficult>
		<bndbox>
			<xmin>101</xmin>
			<ymin>170</ymin>
			<xmax>233</xmax>
			<ymax>450</ymax>
		</bndbox>
	</object>
</annotation>
