<annotation verified="yes">
	<folder>jinshu</folder>
	<filename>1558.png</filename>
	<path>C:\Datesets\datasets\MURA-v1.1\train-metal-data\se_test\jinshu\1558.png</path>
	<source>
		<database>Unknown</database>
	</source>
	<size>
		<width>420</width>
		<height>512</height>
		<depth>1</depth>
	</size>
	<segmented>0</segmented>
	<object>
		<name>metal</name>
		<pose>Unspecified</pose>
		<truncated>0</truncated>
		<difficult>0</difficult>
		<bndbox>
			<xmin>147</xmin>
			<ymin>90</ymin>
			<xmax>248</xmax>
			<ymax>389</ymax>
		</bndbox>
	</object>
	<object>
		<name>metal</name>
		<pose>Unspecified</pose>
		<truncated>0</truncated>
		<difficult>0</difficult>
		<bndbox>
			<xmin>220</xmin>
			<ymin>101</ymin>
			<xmax>268</xmax>
			<ymax>117</ymax>
		</bndbox>
	</object>
	<object>
		<name>metal</name>
		<pose>Unspecified</pose>
		<truncated>0</truncated>
		<difficult>0</difficult>
		<bndbox>
			<xmin>215</xmin>
			<ymin>126</ymin>
			<xmax>246</xmax>
			<ymax>141</ymax>
		</bndbox>
	</object>
</annotation>
