<annotation verified="yes">
	<folder>jinshu</folder>
	<filename>1700.png</filename>
	<path>C:\Datesets\datasets\MURA-v1.1\train-metal-data\se_test\jinshu\1700.png</path>
	<source>
		<database>Unknown</database>
	</source>
	<size>
		<width>421</width>
		<height>512</height>
		<depth>1</depth>
	</size>
	<segmented>0</segmented>
	<object>
		<name>metal</name>
		<pose>Unspecified</pose>
		<truncated>1</truncated>
		<difficult>0</difficult>
		<bndbox>
			<xmin>292</xmin>
			<ymin>1</ymin>
			<xmax>358</xmax>
			<ymax>126</ymax>
		</bndbox>
	</object>
</annotation>
