<annotation>
	<folder>jinshu</folder>
	<filename>1735.png</filename>
	<path>C:\Datesets\datasets\MURA-v1.1\train-metal-data\se_test\jinshu\1735.png</path>
	<source>
		<database>Unknown</database>
	</source>
	<size>
		<width>380</width>
		<height>512</height>
		<depth>1</depth>
	</size>
	<segmented>0</segmented>
	<object>
		<name>metal</name>
		<pose>Unspecified</pose>
		<truncated>0</truncated>
		<difficult>0</difficult>
		<bndbox>
			<xmin>45</xmin>
			<ymin>163</ymin>
			<xmax>232</xmax>
			<ymax>265</ymax>
		</bndbox>
	</object>
</annotation>
