<annotation>
	<folder>jinshu</folder>
	<filename>1829.png</filename>
	<path>C:\Datesets\datasets\MURA-v1.1\train-metal-data\se_test\jinshu\1829.png</path>
	<source>
		<database>Unknown</database>
	</source>
	<size>
		<width>446</width>
		<height>512</height>
		<depth>1</depth>
	</size>
	<segmented>0</segmented>
	<object>
		<name>metal</name>
		<pose>Unspecified</pose>
		<truncated>0</truncated>
		<difficult>0</difficult>
		<bndbox>
			<xmin>122</xmin>
			<ymin>132</ymin>
			<xmax>338</xmax>
			<ymax>435</ymax>
		</bndbox>
	</object>
</annotation>
