<annotation>
	<folder>img</folder>
	<filename>1831.png</filename>
	<path>D:\Datasets\yiliao\MURA-v1.1\MURA-v1.1\目标检测\classes\metal\img\1831.png</path>
	<source>
		<database>Unknown</database>
	</source>
	<size>
		<width>512</width>
		<height>384</height>
		<depth>1</depth>
	</size>
	<segmented>0</segmented>
	<object>
		<name>metal</name>
		<pose>Unspecified</pose>
		<truncated>1</truncated>
		<difficult>0</difficult>
		<bndbox>
			<xmin>180</xmin>
			<ymin>1</ymin>
			<xmax>340</xmax>
			<ymax>309</ymax>
		</bndbox>
	</object>
	<object>
		<name>metal</name>
		<pose>Unspecified</pose>
		<truncated>0</truncated>
		<difficult>0</difficult>
		<bndbox>
			<xmin>150</xmin>
			<ymin>244</ymin>
			<xmax>240</xmax>
			<ymax>330</ymax>
		</bndbox>
	</object>
</annotation>
