<annotation>
	<folder>jinshu</folder>
	<filename>186.png</filename>
	<path>C:\Datesets\datasets\MURA-v1.1\train-metal-data\se_test\jinshu\186.png</path>
	<source>
		<database>Unknown</database>
	</source>
	<size>
		<width>244</width>
		<height>512</height>
		<depth>1</depth>
	</size>
	<segmented>0</segmented>
	<object>
		<name>metal</name>
		<pose>Unspecified</pose>
		<truncated>0</truncated>
		<difficult>0</difficult>
		<bndbox>
			<xmin>129</xmin>
			<ymin>197</ymin>
			<xmax>141</xmax>
			<ymax>264</ymax>
		</bndbox>
	</object>
	<object>
		<name>metal</name>
		<pose>Unspecified</pose>
		<truncated>0</truncated>
		<difficult>0</difficult>
		<bndbox>
			<xmin>73</xmin>
			<ymin>218</ymin>
			<xmax>151</xmax>
			<ymax>234</ymax>
		</bndbox>
	</object>
</annotation>
