<annotation>
	<folder>jinshu</folder>
	<filename>1862.png</filename>
	<path>C:\Datesets\datasets\MURA-v1.1\train-metal-data\se_test\jinshu\1862.png</path>
	<source>
		<database>Unknown</database>
	</source>
	<size>
		<width>379</width>
		<height>512</height>
		<depth>1</depth>
	</size>
	<segmented>0</segmented>
	<object>
		<name>metal</name>
		<pose>Unspecified</pose>
		<truncated>0</truncated>
		<difficult>0</difficult>
		<bndbox>
			<xmin>24</xmin>
			<ymin>211</ymin>
			<xmax>362</xmax>
			<ymax>380</ymax>
		</bndbox>
	</object>
	<object>
		<name>metal</name>
		<pose>Unspecified</pose>
		<truncated>0</truncated>
		<difficult>0</difficult>
		<bndbox>
			<xmin>44</xmin>
			<ymin>251</ymin>
			<xmax>62</xmax>
			<ymax>294</ymax>
		</bndbox>
	</object>
</annotation>
