<annotation>
	<folder>jinshu</folder>
	<filename>1868.png</filename>
	<path>C:\Datesets\datasets\MURA-v1.1\train-metal-data\se_test\jinshu\1868.png</path>
	<source>
		<database>Unknown</database>
	</source>
	<size>
		<width>330</width>
		<height>512</height>
		<depth>1</depth>
	</size>
	<segmented>0</segmented>
	<object>
		<name>metal</name>
		<pose>Unspecified</pose>
		<truncated>0</truncated>
		<difficult>0</difficult>
		<bndbox>
			<xmin>96</xmin>
			<ymin>112</ymin>
			<xmax>246</xmax>
			<ymax>356</ymax>
		</bndbox>
	</object>
	<object>
		<name>metal</name>
		<pose>Unspecified</pose>
		<truncated>0</truncated>
		<difficult>0</difficult>
		<bndbox>
			<xmin>252</xmin>
			<ymin>133</ymin>
			<xmax>279</xmax>
			<ymax>180</ymax>
		</bndbox>
	</object>
</annotation>
