<annotation>
	<folder>jinshu</folder>
	<filename>1869.png</filename>
	<path>C:\Datesets\datasets\MURA-v1.1\train-metal-data\se_test\jinshu\1869.png</path>
	<source>
		<database>Unknown</database>
	</source>
	<size>
		<width>334</width>
		<height>512</height>
		<depth>1</depth>
	</size>
	<segmented>0</segmented>
	<object>
		<name>metal</name>
		<pose>Unspecified</pose>
		<truncated>0</truncated>
		<difficult>0</difficult>
		<bndbox>
			<xmin>85</xmin>
			<ymin>142</ymin>
			<xmax>175</xmax>
			<ymax>409</ymax>
		</bndbox>
	</object>
	<object>
		<name>metal</name>
		<pose>Unspecified</pose>
		<truncated>0</truncated>
		<difficult>0</difficult>
		<bndbox>
			<xmin>181</xmin>
			<ymin>151</ymin>
			<xmax>210</xmax>
			<ymax>199</ymax>
		</bndbox>
	</object>
</annotation>
