<annotation>
	<folder>jinshu</folder>
	<filename>187.png</filename>
	<path>C:\Datesets\datasets\MURA-v1.1\train-metal-data\se_test\jinshu\187.png</path>
	<source>
		<database>Unknown</database>
	</source>
	<size>
		<width>229</width>
		<height>512</height>
		<depth>1</depth>
	</size>
	<segmented>0</segmented>
	<object>
		<name>metal</name>
		<pose>Unspecified</pose>
		<truncated>0</truncated>
		<difficult>0</difficult>
		<bndbox>
			<xmin>110</xmin>
			<ymin>148</ymin>
			<xmax>189</xmax>
			<ymax>248</ymax>
		</bndbox>
	</object>
	<object>
		<name>metal</name>
		<pose>Unspecified</pose>
		<truncated>0</truncated>
		<difficult>0</difficult>
		<bndbox>
			<xmin>137</xmin>
			<ymin>177</ymin>
			<xmax>152</xmax>
			<ymax>201</ymax>
		</bndbox>
	</object>
</annotation>
