<annotation>
	<folder>jinshu</folder>
	<filename>188.png</filename>
	<path>C:\Datesets\datasets\MURA-v1.1\train-metal-data\se_test\jinshu\188.png</path>
	<source>
		<database>Unknown</database>
	</source>
	<size>
		<width>243</width>
		<height>512</height>
		<depth>1</depth>
	</size>
	<segmented>0</segmented>
	<object>
		<name>metal</name>
		<pose>Unspecified</pose>
		<truncated>0</truncated>
		<difficult>0</difficult>
		<bndbox>
			<xmin>92</xmin>
			<ymin>200</ymin>
			<xmax>169</xmax>
			<ymax>218</ymax>
		</bndbox>
	</object>
	<object>
		<name>metal</name>
		<pose>Unspecified</pose>
		<truncated>0</truncated>
		<difficult>0</difficult>
		<bndbox>
			<xmin>139</xmin>
			<ymin>181</ymin>
			<xmax>174</xmax>
			<ymax>251</ymax>
		</bndbox>
	</object>
</annotation>
