<annotation>
	<folder>jinshu</folder>
	<filename>190.png</filename>
	<path>C:\Datesets\datasets\MURA-v1.1\train-metal-data\se_test\jinshu\190.png</path>
	<source>
		<database>Unknown</database>
	</source>
	<size>
		<width>288</width>
		<height>512</height>
		<depth>1</depth>
	</size>
	<segmented>0</segmented>
	<object>
		<name>metal</name>
		<pose>Unspecified</pose>
		<truncated>0</truncated>
		<difficult>0</difficult>
		<bndbox>
			<xmin>112</xmin>
			<ymin>138</ymin>
			<xmax>175</xmax>
			<ymax>404</ymax>
		</bndbox>
	</object>
	<object>
		<name>metal</name>
		<pose>Unspecified</pose>
		<truncated>0</truncated>
		<difficult>0</difficult>
		<bndbox>
			<xmin>139</xmin>
			<ymin>222</ymin>
			<xmax>164</xmax>
			<ymax>259</ymax>
		</bndbox>
	</object>
</annotation>
