<annotation>
	<folder>jinshu</folder>
	<filename>191.png</filename>
	<path>C:\Datesets\datasets\MURA-v1.1\train-metal-data\se_test\jinshu\191.png</path>
	<source>
		<database>Unknown</database>
	</source>
	<size>
		<width>285</width>
		<height>512</height>
		<depth>1</depth>
	</size>
	<segmented>0</segmented>
	<object>
		<name>metal</name>
		<pose>Unspecified</pose>
		<truncated>0</truncated>
		<difficult>0</difficult>
		<bndbox>
			<xmin>127</xmin>
			<ymin>156</ymin>
			<xmax>163</xmax>
			<ymax>420</ymax>
		</bndbox>
	</object>
	<object>
		<name>metal</name>
		<pose>Unspecified</pose>
		<truncated>0</truncated>
		<difficult>0</difficult>
		<bndbox>
			<xmin>117</xmin>
			<ymin>235</ymin>
			<xmax>130</xmax>
			<ymax>275</ymax>
		</bndbox>
	</object>
</annotation>
