<annotation>
	<folder>jinshu</folder>
	<filename>1911.png</filename>
	<path>C:\Datesets\datasets\MURA-v1.1\train-metal-data\se_test\jinshu\1911.png</path>
	<source>
		<database>Unknown</database>
	</source>
	<size>
		<width>413</width>
		<height>512</height>
		<depth>1</depth>
	</size>
	<segmented>0</segmented>
	<object>
		<name>metal</name>
		<pose>Unspecified</pose>
		<truncated>0</truncated>
		<difficult>0</difficult>
		<bndbox>
			<xmin>70</xmin>
			<ymin>145</ymin>
			<xmax>171</xmax>
			<ymax>408</ymax>
		</bndbox>
	</object>
</annotation>
