<annotation>
	<folder>jinshu</folder>
	<filename>1935.png</filename>
	<path>C:\Datesets\datasets\MURA-v1.1\train-metal-data\se_test\jinshu\1935.png</path>
	<source>
		<database>Unknown</database>
	</source>
	<size>
		<width>422</width>
		<height>512</height>
		<depth>1</depth>
	</size>
	<segmented>0</segmented>
	<object>
		<name>metal</name>
		<pose>Unspecified</pose>
		<truncated>1</truncated>
		<difficult>0</difficult>
		<bndbox>
			<xmin>2</xmin>
			<ymin>254</ymin>
			<xmax>422</xmax>
			<ymax>407</ymax>
		</bndbox>
	</object>
</annotation>
