<annotation>
	<folder>jinshu</folder>
	<filename>1941.png</filename>
	<path>C:\Datesets\datasets\MURA-v1.1\train-metal-data\se_test\jinshu\1941.png</path>
	<source>
		<database>Unknown</database>
	</source>
	<size>
		<width>408</width>
		<height>512</height>
		<depth>1</depth>
	</size>
	<segmented>0</segmented>
	<object>
		<name>metal</name>
		<pose>Unspecified</pose>
		<truncated>1</truncated>
		<difficult>0</difficult>
		<bndbox>
			<xmin>220</xmin>
			<ymin>175</ymin>
			<xmax>399</xmax>
			<ymax>512</ymax>
		</bndbox>
	</object>
</annotation>
