<annotation>
	<folder>jinshu</folder>
	<filename>195.png</filename>
	<path>C:\Datesets\datasets\MURA-v1.1\train-metal-data\se_test\jinshu\195.png</path>
	<source>
		<database>Unknown</database>
	</source>
	<size>
		<width>292</width>
		<height>512</height>
		<depth>1</depth>
	</size>
	<segmented>0</segmented>
	<object>
		<name>metal</name>
		<pose>Unspecified</pose>
		<truncated>0</truncated>
		<difficult>0</difficult>
		<bndbox>
			<xmin>150</xmin>
			<ymin>224</ymin>
			<xmax>178</xmax>
			<ymax>284</ymax>
		</bndbox>
	</object>
	<object>
		<name>metal</name>
		<pose>Unspecified</pose>
		<truncated>0</truncated>
		<difficult>0</difficult>
		<bndbox>
			<xmin>149</xmin>
			<ymin>243</ymin>
			<xmax>174</xmax>
			<ymax>263</ymax>
		</bndbox>
	</object>
</annotation>
