<annotation>
	<folder>jinshu</folder>
	<filename>196.png</filename>
	<path>C:\Datesets\datasets\MURA-v1.1\train-metal-data\se_test\jinshu\196.png</path>
	<source>
		<database>Unknown</database>
	</source>
	<size>
		<width>293</width>
		<height>512</height>
		<depth>1</depth>
	</size>
	<segmented>0</segmented>
	<object>
		<name>metal</name>
		<pose>Unspecified</pose>
		<truncated>0</truncated>
		<difficult>0</difficult>
		<bndbox>
			<xmin>73</xmin>
			<ymin>222</ymin>
			<xmax>172</xmax>
			<ymax>273</ymax>
		</bndbox>
	</object>
	<object>
		<name>metal</name>
		<pose>Unspecified</pose>
		<truncated>0</truncated>
		<difficult>0</difficult>
		<bndbox>
			<xmin>76</xmin>
			<ymin>233</ymin>
			<xmax>195</xmax>
			<ymax>263</ymax>
		</bndbox>
	</object>
</annotation>
