<annotation>
	<folder>jinshu</folder>
	<filename>197.png</filename>
	<path>C:\Datesets\datasets\MURA-v1.1\train-metal-data\se_test\jinshu\197.png</path>
	<source>
		<database>Unknown</database>
	</source>
	<size>
		<width>292</width>
		<height>512</height>
		<depth>1</depth>
	</size>
	<segmented>0</segmented>
	<object>
		<name>metal</name>
		<pose>Unspecified</pose>
		<truncated>0</truncated>
		<difficult>0</difficult>
		<bndbox>
			<xmin>103</xmin>
			<ymin>270</ymin>
			<xmax>175</xmax>
			<ymax>323</ymax>
		</bndbox>
	</object>
	<object>
		<name>metal</name>
		<pose>Unspecified</pose>
		<truncated>0</truncated>
		<difficult>0</difficult>
		<bndbox>
			<xmin>101</xmin>
			<ymin>286</ymin>
			<xmax>191</xmax>
			<ymax>315</ymax>
		</bndbox>
	</object>
</annotation>
