<annotation>
	<folder>jinshu</folder>
	<filename>1974.png</filename>
	<path>C:\Datesets\datasets\MURA-v1.1\train-metal-data\se_test\jinshu\1974.png</path>
	<source>
		<database>Unknown</database>
	</source>
	<size>
		<width>411</width>
		<height>512</height>
		<depth>1</depth>
	</size>
	<segmented>0</segmented>
	<object>
		<name>metal</name>
		<pose>Unspecified</pose>
		<truncated>0</truncated>
		<difficult>0</difficult>
		<bndbox>
			<xmin>157</xmin>
			<ymin>158</ymin>
			<xmax>274</xmax>
			<ymax>413</ymax>
		</bndbox>
	</object>
</annotation>
