<annotation verified="yes">
	<folder>jinshu</folder>
	<filename>2003.png</filename>
	<path>C:\Datesets\datasets\MURA-v1.1\train-metal-data\se_test\jinshu\2003.png</path>
	<source>
		<database>Unknown</database>
	</source>
	<size>
		<width>421</width>
		<height>512</height>
		<depth>1</depth>
	</size>
	<segmented>0</segmented>
	<object>
		<name>metal</name>
		<pose>Unspecified</pose>
		<truncated>0</truncated>
		<difficult>0</difficult>
		<bndbox>
			<xmin>183</xmin>
			<ymin>172</ymin>
			<xmax>265</xmax>
			<ymax>403</ymax>
		</bndbox>
	</object>
	<object>
		<name>metal</name>
		<pose>Unspecified</pose>
		<truncated>0</truncated>
		<difficult>0</difficult>
		<bndbox>
			<xmin>156</xmin>
			<ymin>184</ymin>
			<xmax>173</xmax>
			<ymax>197</ymax>
		</bndbox>
	</object>
</annotation>
