<annotation verified="yes">
	<folder>jinshu</folder>
	<filename>2004.png</filename>
	<path>C:\Datesets\datasets\MURA-v1.1\train-metal-data\se_test\jinshu\2004.png</path>
	<source>
		<database>Unknown</database>
	</source>
	<size>
		<width>423</width>
		<height>512</height>
		<depth>1</depth>
	</size>
	<segmented>0</segmented>
	<object>
		<name>metal</name>
		<pose>Unspecified</pose>
		<truncated>0</truncated>
		<difficult>0</difficult>
		<bndbox>
			<xmin>213</xmin>
			<ymin>175</ymin>
			<xmax>322</xmax>
			<ymax>437</ymax>
		</bndbox>
	</object>
	<object>
		<name>metal</name>
		<pose>Unspecified</pose>
		<truncated>0</truncated>
		<difficult>0</difficult>
		<bndbox>
			<xmin>205</xmin>
			<ymin>191</ymin>
			<xmax>219</xmax>
			<ymax>204</ymax>
		</bndbox>
	</object>
</annotation>
