<annotation verified="yes">
	<folder>jinshu</folder>
	<filename>2005.png</filename>
	<path>C:\Datesets\datasets\MURA-v1.1\train-metal-data\se_test\jinshu\2005.png</path>
	<source>
		<database>Unknown</database>
	</source>
	<size>
		<width>512</width>
		<height>445</height>
		<depth>1</depth>
	</size>
	<segmented>0</segmented>
	<object>
		<name>metal</name>
		<pose>Unspecified</pose>
		<truncated>1</truncated>
		<difficult>0</difficult>
		<bndbox>
			<xmin>241</xmin>
			<ymin>195</ymin>
			<xmax>512</xmax>
			<ymax>341</ymax>
		</bndbox>
	</object>
	<object>
		<name>metal</name>
		<pose>Unspecified</pose>
		<truncated>0</truncated>
		<difficult>0</difficult>
		<bndbox>
			<xmin>188</xmin>
			<ymin>303</ymin>
			<xmax>212</xmax>
			<ymax>317</ymax>
		</bndbox>
	</object>
</annotation>
