<annotation>
	<folder>img</folder>
	<filename>2008.png</filename>
	<path>C:\Datesets\datasets\MURA-v1.1\tmp\img\2008.png</path>
	<source>
		<database>Unknown</database>
	</source>
	<size>
		<width>413</width>
		<height>512</height>
		<depth>1</depth>
	</size>
	<segmented>0</segmented>
	<object>
		<name>metal</name>
		<pose>Unspecified</pose>
		<truncated>0</truncated>
		<difficult>0</difficult>
		<bndbox>
			<xmin>258</xmin>
			<ymin>106</ymin>
			<xmax>274</xmax>
			<ymax>122</ymax>
		</bndbox>
	</object>
	<object>
		<name>metal</name>
		<pose>Unspecified</pose>
		<truncated>0</truncated>
		<difficult>0</difficult>
		<bndbox>
			<xmin>274</xmin>
			<ymin>113</ymin>
			<xmax>288</xmax>
			<ymax>133</ymax>
		</bndbox>
	</object>
</annotation>
