<annotation>
	<folder>img</folder>
	<filename>2010.png</filename>
	<path>C:\Datesets\datasets\MURA-v1.1\tmp\img\2010.png</path>
	<source>
		<database>Unknown</database>
	</source>
	<size>
		<width>512</width>
		<height>449</height>
		<depth>1</depth>
	</size>
	<segmented>0</segmented>
	<object>
		<name>metal</name>
		<pose>Unspecified</pose>
		<truncated>0</truncated>
		<difficult>0</difficult>
		<bndbox>
			<xmin>396</xmin>
			<ymin>155</ymin>
			<xmax>421</xmax>
			<ymax>208</ymax>
		</bndbox>
	</object>
</annotation>
