<annotation verified="yes">
	<folder>jinshu</folder>
	<filename>211.png</filename>
	<path>C:\Datesets\datasets\MURA-v1.1\train-metal-data\se_test\jinshu\211.png</path>
	<source>
		<database>Unknown</database>
	</source>
	<size>
		<width>405</width>
		<height>512</height>
		<depth>1</depth>
	</size>
	<segmented>0</segmented>
	<object>
		<name>metal</name>
		<pose>Unspecified</pose>
		<truncated>0</truncated>
		<difficult>0</difficult>
		<bndbox>
			<xmin>166</xmin>
			<ymin>213</ymin>
			<xmax>187</xmax>
			<ymax>247</ymax>
		</bndbox>
	</object>
	<object>
		<name>metal</name>
		<pose>Unspecified</pose>
		<truncated>0</truncated>
		<difficult>0</difficult>
		<bndbox>
			<xmin>236</xmin>
			<ymin>63</ymin>
			<xmax>315</xmax>
			<ymax>186</ymax>
		</bndbox>
	</object>
</annotation>
