<annotation verified="yes">
	<folder>jinshu</folder>
	<filename>212.png</filename>
	<path>C:\Datesets\datasets\MURA-v1.1\train-metal-data\se_test\jinshu\212.png</path>
	<source>
		<database>Unknown</database>
	</source>
	<size>
		<width>405</width>
		<height>512</height>
		<depth>1</depth>
	</size>
	<segmented>0</segmented>
	<object>
		<name>metal</name>
		<pose>Unspecified</pose>
		<truncated>0</truncated>
		<difficult>0</difficult>
		<bndbox>
			<xmin>227</xmin>
			<ymin>192</ymin>
			<xmax>257</xmax>
			<ymax>230</ymax>
		</bndbox>
	</object>
	<object>
		<name>metal</name>
		<pose>Unspecified</pose>
		<truncated>0</truncated>
		<difficult>0</difficult>
		<bndbox>
			<xmin>144</xmin>
			<ymin>61</ymin>
			<xmax>189</xmax>
			<ymax>170</ymax>
		</bndbox>
	</object>
</annotation>
