<annotation verified="yes">
	<folder>jinshu</folder>
	<filename>213.png</filename>
	<path>C:\Datesets\datasets\MURA-v1.1\train-metal-data\se_test\jinshu\213.png</path>
	<source>
		<database>Unknown</database>
	</source>
	<size>
		<width>405</width>
		<height>512</height>
		<depth>1</depth>
	</size>
	<segmented>0</segmented>
	<object>
		<name>metal</name>
		<pose>Unspecified</pose>
		<truncated>0</truncated>
		<difficult>0</difficult>
		<bndbox>
			<xmin>175</xmin>
			<ymin>189</ymin>
			<xmax>203</xmax>
			<ymax>228</ymax>
		</bndbox>
	</object>
	<object>
		<name>metal</name>
		<pose>Unspecified</pose>
		<truncated>0</truncated>
		<difficult>0</difficult>
		<bndbox>
			<xmin>262</xmin>
			<ymin>47</ymin>
			<xmax>328</xmax>
			<ymax>173</ymax>
		</bndbox>
	</object>
</annotation>
