<annotation verified="yes">
	<folder>jinshu</folder>
	<filename>227.png</filename>
	<path>C:\Datesets\datasets\MURA-v1.1\train-metal-data\se_test\jinshu\227.png</path>
	<source>
		<database>Unknown</database>
	</source>
	<size>
		<width>420</width>
		<height>512</height>
		<depth>1</depth>
	</size>
	<segmented>0</segmented>
	<object>
		<name>metal</name>
		<pose>Unspecified</pose>
		<truncated>0</truncated>
		<difficult>0</difficult>
		<bndbox>
			<xmin>195</xmin>
			<ymin>131</ymin>
			<xmax>218</xmax>
			<ymax>264</ymax>
		</bndbox>
	</object>
	<object>
		<name>metal</name>
		<pose>Unspecified</pose>
		<truncated>0</truncated>
		<difficult>0</difficult>
		<bndbox>
			<xmin>223</xmin>
			<ymin>128</ymin>
			<xmax>254</xmax>
			<ymax>280</ymax>
		</bndbox>
	</object>
</annotation>
