<annotation verified="yes">
	<folder>jinshu</folder>
	<filename>2274.png</filename>
	<path>C:\Datesets\datasets\MURA-v1.1\train-metal-data\se_test\jinshu\2274.png</path>
	<source>
		<database>Unknown</database>
	</source>
	<size>
		<width>263</width>
		<height>512</height>
		<depth>1</depth>
	</size>
	<segmented>0</segmented>
	<object>
		<name>metal</name>
		<pose>Unspecified</pose>
		<truncated>0</truncated>
		<difficult>0</difficult>
		<bndbox>
			<xmin>85</xmin>
			<ymin>180</ymin>
			<xmax>143</xmax>
			<ymax>252</ymax>
		</bndbox>
	</object>
	<object>
		<name>metal</name>
		<pose>Unspecified</pose>
		<truncated>0</truncated>
		<difficult>0</difficult>
		<bndbox>
			<xmin>136</xmin>
			<ymin>107</ymin>
			<xmax>194</xmax>
			<ymax>378</ymax>
		</bndbox>
	</object>
</annotation>
