<annotation verified="yes">
	<folder>jinshu</folder>
	<filename>2275.png</filename>
	<path>C:\Datesets\datasets\MURA-v1.1\train-metal-data\se_test\jinshu\2275.png</path>
	<source>
		<database>Unknown</database>
	</source>
	<size>
		<width>261</width>
		<height>512</height>
		<depth>1</depth>
	</size>
	<segmented>0</segmented>
	<object>
		<name>metal</name>
		<pose>Unspecified</pose>
		<truncated>0</truncated>
		<difficult>0</difficult>
		<bndbox>
			<xmin>63</xmin>
			<ymin>97</ymin>
			<xmax>118</xmax>
			<ymax>367</ymax>
		</bndbox>
	</object>
	<object>
		<name>metal</name>
		<pose>Unspecified</pose>
		<truncated>0</truncated>
		<difficult>0</difficult>
		<bndbox>
			<xmin>68</xmin>
			<ymin>257</ymin>
			<xmax>117</xmax>
			<ymax>272</ymax>
		</bndbox>
	</object>
	<object>
		<name>metal</name>
		<pose>Unspecified</pose>
		<truncated>0</truncated>
		<difficult>0</difficult>
		<bndbox>
			<xmin>61</xmin>
			<ymin>163</ymin>
			<xmax>118</xmax>
			<ymax>236</ymax>
		</bndbox>
	</object>
</annotation>
