<annotation verified="yes">
	<folder>jinshu</folder>
	<filename>2277.png</filename>
	<path>C:\Datesets\datasets\MURA-v1.1\train-metal-data\se_test\jinshu\2277.png</path>
	<source>
		<database>Unknown</database>
	</source>
	<size>
		<width>263</width>
		<height>512</height>
		<depth>1</depth>
	</size>
	<segmented>0</segmented>
	<object>
		<name>metal</name>
		<pose>Unspecified</pose>
		<truncated>0</truncated>
		<difficult>0</difficult>
		<bndbox>
			<xmin>66</xmin>
			<ymin>328</ymin>
			<xmax>127</xmax>
			<ymax>398</ymax>
		</bndbox>
	</object>
	<object>
		<name>metal</name>
		<pose>Unspecified</pose>
		<truncated>0</truncated>
		<difficult>0</difficult>
		<bndbox>
			<xmin>96</xmin>
			<ymin>357</ymin>
			<xmax>144</xmax>
			<ymax>511</ymax>
		</bndbox>
	</object>
	<object>
		<name>metal</name>
		<pose>Unspecified</pose>
		<truncated>0</truncated>
		<difficult>0</difficult>
		<bndbox>
			<xmin>92</xmin>
			<ymin>442</ymin>
			<xmax>138</xmax>
			<ymax>472</ymax>
		</bndbox>
	</object>
</annotation>
