<annotation verified="yes">
	<folder>jinshu</folder>
	<filename>2278.png</filename>
	<path>C:\Datesets\datasets\MURA-v1.1\train-metal-data\se_test\jinshu\2278.png</path>
	<source>
		<database>Unknown</database>
	</source>
	<size>
		<width>262</width>
		<height>512</height>
		<depth>1</depth>
	</size>
	<segmented>0</segmented>
	<object>
		<name>metal</name>
		<pose>Unspecified</pose>
		<truncated>0</truncated>
		<difficult>0</difficult>
		<bndbox>
			<xmin>101</xmin>
			<ymin>179</ymin>
			<xmax>160</xmax>
			<ymax>255</ymax>
		</bndbox>
	</object>
	<object>
		<name>metal</name>
		<pose>Unspecified</pose>
		<truncated>0</truncated>
		<difficult>0</difficult>
		<bndbox>
			<xmin>161</xmin>
			<ymin>111</ymin>
			<xmax>222</xmax>
			<ymax>379</ymax>
		</bndbox>
	</object>
</annotation>
