<annotation verified="yes">
	<folder>jinshu</folder>
	<filename>2295.png</filename>
	<path>C:\Datesets\datasets\MURA-v1.1\train-metal-data\se_test\jinshu\2295.png</path>
	<source>
		<database>Unknown</database>
	</source>
	<size>
		<width>455</width>
		<height>512</height>
		<depth>1</depth>
	</size>
	<segmented>0</segmented>
	<object>
		<name>metal</name>
		<pose>Unspecified</pose>
		<truncated>0</truncated>
		<difficult>0</difficult>
		<bndbox>
			<xmin>179</xmin>
			<ymin>337</ymin>
			<xmax>204</xmax>
			<ymax>375</ymax>
		</bndbox>
	</object>
</annotation>
