<annotation verified="yes">
	<folder>jinshu</folder>
	<filename>2325.png</filename>
	<path>C:\Datesets\datasets\MURA-v1.1\train-metal-data\se_test\jinshu\2325.png</path>
	<source>
		<database>Unknown</database>
	</source>
	<size>
		<width>407</width>
		<height>512</height>
		<depth>1</depth>
	</size>
	<segmented>0</segmented>
	<object>
		<name>metal</name>
		<pose>Unspecified</pose>
		<truncated>0</truncated>
		<difficult>0</difficult>
		<bndbox>
			<xmin>185</xmin>
			<ymin>44</ymin>
			<xmax>277</xmax>
			<ymax>248</ymax>
		</bndbox>
	</object>
	<object>
		<name>metal</name>
		<pose>Unspecified</pose>
		<truncated>0</truncated>
		<difficult>0</difficult>
		<bndbox>
			<xmin>107</xmin>
			<ymin>89</ymin>
			<xmax>218</xmax>
			<ymax>239</ymax>
		</bndbox>
	</object>
</annotation>
