<annotation verified="yes">
	<folder>jinshu</folder>
	<filename>2334.png</filename>
	<path>C:\Datesets\datasets\MURA-v1.1\train-metal-data\se_test\jinshu\2334.png</path>
	<source>
		<database>Unknown</database>
	</source>
	<size>
		<width>406</width>
		<height>512</height>
		<depth>1</depth>
	</size>
	<segmented>0</segmented>
	<object>
		<name>metal</name>
		<pose>Unspecified</pose>
		<truncated>0</truncated>
		<difficult>0</difficult>
		<bndbox>
			<xmin>41</xmin>
			<ymin>296</ymin>
			<xmax>87</xmax>
			<ymax>434</ymax>
		</bndbox>
	</object>
	<object>
		<name>metal</name>
		<pose>Unspecified</pose>
		<truncated>1</truncated>
		<difficult>0</difficult>
		<bndbox>
			<xmin>25</xmin>
			<ymin>318</ymin>
			<xmax>101</xmax>
			<ymax>512</ymax>
		</bndbox>
	</object>
</annotation>
