<annotation verified="yes">
	<folder>jinshu</folder>
	<filename>2335.png</filename>
	<path>C:\Datesets\datasets\MURA-v1.1\train-metal-data\se_test\jinshu\2335.png</path>
	<source>
		<database>Unknown</database>
	</source>
	<size>
		<width>406</width>
		<height>512</height>
		<depth>1</depth>
	</size>
	<segmented>0</segmented>
	<object>
		<name>metal</name>
		<pose>Unspecified</pose>
		<truncated>0</truncated>
		<difficult>0</difficult>
		<bndbox>
			<xmin>36</xmin>
			<ymin>325</ymin>
			<xmax>191</xmax>
			<ymax>387</ymax>
		</bndbox>
	</object>
	<object>
		<name>metal</name>
		<pose>Unspecified</pose>
		<truncated>1</truncated>
		<difficult>0</difficult>
		<bndbox>
			<xmin>1</xmin>
			<ymin>351</ymin>
			<xmax>183</xmax>
			<ymax>388</ymax>
		</bndbox>
	</object>
</annotation>
