<annotation verified="yes">
	<folder>jinshu</folder>
	<filename>2351.png</filename>
	<path>C:\Datesets\datasets\MURA-v1.1\train-metal-data\se_test\jinshu\2351.png</path>
	<source>
		<database>Unknown</database>
	</source>
	<size>
		<width>440</width>
		<height>512</height>
		<depth>1</depth>
	</size>
	<segmented>0</segmented>
	<object>
		<name>metal</name>
		<pose>Unspecified</pose>
		<truncated>0</truncated>
		<difficult>0</difficult>
		<bndbox>
			<xmin>140</xmin>
			<ymin>197</ymin>
			<xmax>317</xmax>
			<ymax>428</ymax>
		</bndbox>
	</object>
	<object>
		<name>metal</name>
		<pose>Unspecified</pose>
		<truncated>0</truncated>
		<difficult>0</difficult>
		<bndbox>
			<xmin>244</xmin>
			<ymin>389</ymin>
			<xmax>430</xmax>
			<ymax>417</ymax>
		</bndbox>
	</object>
</annotation>
