<annotation verified="yes">
	<folder>jinshu</folder>
	<filename>2356.png</filename>
	<path>C:\Datesets\datasets\MURA-v1.1\train-metal-data\se_test\jinshu\2356.png</path>
	<source>
		<database>Unknown</database>
	</source>
	<size>
		<width>431</width>
		<height>512</height>
		<depth>1</depth>
	</size>
	<segmented>0</segmented>
	<object>
		<name>metal</name>
		<pose>Unspecified</pose>
		<truncated>0</truncated>
		<difficult>0</difficult>
		<bndbox>
			<xmin>152</xmin>
			<ymin>230</ymin>
			<xmax>248</xmax>
			<ymax>254</ymax>
		</bndbox>
	</object>
	<object>
		<name>metal</name>
		<pose>Unspecified</pose>
		<truncated>0</truncated>
		<difficult>0</difficult>
		<bndbox>
			<xmin>129</xmin>
			<ymin>272</ymin>
			<xmax>278</xmax>
			<ymax>321</ymax>
		</bndbox>
	</object>
</annotation>
