<annotation verified="yes">
	<folder>jinshu</folder>
	<filename>2358.png</filename>
	<path>C:\Datesets\datasets\MURA-v1.1\train-metal-data\se_test\jinshu\2358.png</path>
	<source>
		<database>Unknown</database>
	</source>
	<size>
		<width>247</width>
		<height>512</height>
		<depth>1</depth>
	</size>
	<segmented>0</segmented>
	<object>
		<name>metal</name>
		<pose>Unspecified</pose>
		<truncated>0</truncated>
		<difficult>0</difficult>
		<bndbox>
			<xmin>91</xmin>
			<ymin>168</ymin>
			<xmax>147</xmax>
			<ymax>184</ymax>
		</bndbox>
	</object>
	<object>
		<name>metal</name>
		<pose>Unspecified</pose>
		<truncated>0</truncated>
		<difficult>0</difficult>
		<bndbox>
			<xmin>61</xmin>
			<ymin>197</ymin>
			<xmax>166</xmax>
			<ymax>221</ymax>
		</bndbox>
	</object>
</annotation>
