<annotation verified="yes">
	<folder>jinshu</folder>
	<filename>239.png</filename>
	<path>C:\Datesets\datasets\MURA-v1.1\train-metal-data\se_test\jinshu\239.png</path>
	<source>
		<database>Unknown</database>
	</source>
	<size>
		<width>223</width>
		<height>512</height>
		<depth>1</depth>
	</size>
	<segmented>0</segmented>
	<object>
		<name>metal</name>
		<pose>Unspecified</pose>
		<truncated>0</truncated>
		<difficult>0</difficult>
		<bndbox>
			<xmin>76</xmin>
			<ymin>329</ymin>
			<xmax>123</xmax>
			<ymax>434</ymax>
		</bndbox>
	</object>
</annotation>
