<annotation verified="yes">
	<folder>jinshu</folder>
	<filename>2393.png</filename>
	<path>C:\Datesets\datasets\MURA-v1.1\train-metal-data\se_test\jinshu\2393.png</path>
	<source>
		<database>Unknown</database>
	</source>
	<size>
		<width>406</width>
		<height>512</height>
		<depth>1</depth>
	</size>
	<segmented>0</segmented>
	<object>
		<name>metal</name>
		<pose>Unspecified</pose>
		<truncated>0</truncated>
		<difficult>0</difficult>
		<bndbox>
			<xmin>192</xmin>
			<ymin>211</ymin>
			<xmax>230</xmax>
			<ymax>226</ymax>
		</bndbox>
	</object>
	<object>
		<name>metal</name>
		<pose>Unspecified</pose>
		<truncated>0</truncated>
		<difficult>0</difficult>
		<bndbox>
			<xmin>206</xmin>
			<ymin>179</ymin>
			<xmax>219</xmax>
			<ymax>190</ymax>
		</bndbox>
	</object>
</annotation>
