<annotation verified="yes">
	<folder>jinshu</folder>
	<filename>2398.png</filename>
	<path>C:\Datesets\datasets\MURA-v1.1\train-metal-data\se_test\jinshu\2398.png</path>
	<source>
		<database>Unknown</database>
	</source>
	<size>
		<width>406</width>
		<height>512</height>
		<depth>1</depth>
	</size>
	<segmented>0</segmented>
	<object>
		<name>metal</name>
		<pose>Unspecified</pose>
		<truncated>0</truncated>
		<difficult>0</difficult>
		<bndbox>
			<xmin>222</xmin>
			<ymin>317</ymin>
			<xmax>258</xmax>
			<ymax>486</ymax>
		</bndbox>
	</object>
	<object>
		<name>metal</name>
		<pose>Unspecified</pose>
		<truncated>1</truncated>
		<difficult>0</difficult>
		<bndbox>
			<xmin>165</xmin>
			<ymin>348</ymin>
			<xmax>207</xmax>
			<ymax>512</ymax>
		</bndbox>
	</object>
</annotation>
