<annotation verified="yes">
	<folder>jinshu</folder>
	<filename>2404.png</filename>
	<path>C:\Datesets\datasets\MURA-v1.1\train-metal-data\se_test\jinshu\2404.png</path>
	<source>
		<database>Unknown</database>
	</source>
	<size>
		<width>379</width>
		<height>512</height>
		<depth>1</depth>
	</size>
	<segmented>0</segmented>
	<object>
		<name>metal</name>
		<pose>Unspecified</pose>
		<truncated>0</truncated>
		<difficult>0</difficult>
		<bndbox>
			<xmin>130</xmin>
			<ymin>61</ymin>
			<xmax>247</xmax>
			<ymax>184</ymax>
		</bndbox>
	</object>
	<object>
		<name>metal</name>
		<pose>Unspecified</pose>
		<truncated>0</truncated>
		<difficult>0</difficult>
		<bndbox>
			<xmin>174</xmin>
			<ymin>136</ymin>
			<xmax>205</xmax>
			<ymax>341</ymax>
		</bndbox>
	</object>
</annotation>
