<annotation verified="yes">
	<folder>jinshu</folder>
	<filename>2405.png</filename>
	<path>C:\Datesets\datasets\MURA-v1.1\train-metal-data\se_test\jinshu\2405.png</path>
	<source>
		<database>Unknown</database>
	</source>
	<size>
		<width>401</width>
		<height>512</height>
		<depth>1</depth>
	</size>
	<segmented>0</segmented>
	<object>
		<name>metal</name>
		<pose>Unspecified</pose>
		<truncated>0</truncated>
		<difficult>0</difficult>
		<bndbox>
			<xmin>111</xmin>
			<ymin>58</ymin>
			<xmax>236</xmax>
			<ymax>182</ymax>
		</bndbox>
	</object>
	<object>
		<name>metal</name>
		<pose>Unspecified</pose>
		<truncated>0</truncated>
		<difficult>0</difficult>
		<bndbox>
			<xmin>149</xmin>
			<ymin>135</ymin>
			<xmax>179</xmax>
			<ymax>319</ymax>
		</bndbox>
	</object>
</annotation>
