<annotation verified="yes">
	<folder>jinshu</folder>
	<filename>2407.png</filename>
	<path>C:\Datesets\datasets\MURA-v1.1\train-metal-data\se_test\jinshu\2407.png</path>
	<source>
		<database>Unknown</database>
	</source>
	<size>
		<width>385</width>
		<height>512</height>
		<depth>1</depth>
	</size>
	<segmented>0</segmented>
	<object>
		<name>metal</name>
		<pose>Unspecified</pose>
		<truncated>0</truncated>
		<difficult>0</difficult>
		<bndbox>
			<xmin>125</xmin>
			<ymin>118</ymin>
			<xmax>252</xmax>
			<ymax>240</ymax>
		</bndbox>
	</object>
	<object>
		<name>metal</name>
		<pose>Unspecified</pose>
		<truncated>0</truncated>
		<difficult>0</difficult>
		<bndbox>
			<xmin>195</xmin>
			<ymin>193</ymin>
			<xmax>234</xmax>
			<ymax>403</ymax>
		</bndbox>
	</object>
</annotation>
