<annotation verified="yes">
	<folder>jinshu</folder>
	<filename>2408.png</filename>
	<path>C:\Datesets\datasets\MURA-v1.1\train-metal-data\se_test\jinshu\2408.png</path>
	<source>
		<database>Unknown</database>
	</source>
	<size>
		<width>465</width>
		<height>512</height>
		<depth>1</depth>
	</size>
	<segmented>0</segmented>
	<object>
		<name>metal</name>
		<pose>Unspecified</pose>
		<truncated>0</truncated>
		<difficult>0</difficult>
		<bndbox>
			<xmin>179</xmin>
			<ymin>118</ymin>
			<xmax>291</xmax>
			<ymax>263</ymax>
		</bndbox>
	</object>
	<object>
		<name>metal</name>
		<pose>Unspecified</pose>
		<truncated>0</truncated>
		<difficult>0</difficult>
		<bndbox>
			<xmin>161</xmin>
			<ymin>246</ymin>
			<xmax>263</xmax>
			<ymax>416</ymax>
		</bndbox>
	</object>
</annotation>
