<annotation verified="yes">
	<folder>jinshu</folder>
	<filename>2423.png</filename>
	<path>C:\Datesets\datasets\MURA-v1.1\train-metal-data\se_test\jinshu\2423.png</path>
	<source>
		<database>Unknown</database>
	</source>
	<size>
		<width>236</width>
		<height>512</height>
		<depth>1</depth>
	</size>
	<segmented>0</segmented>
	<object>
		<name>metal</name>
		<pose>Unspecified</pose>
		<truncated>0</truncated>
		<difficult>0</difficult>
		<bndbox>
			<xmin>97</xmin>
			<ymin>270</ymin>
			<xmax>122</xmax>
			<ymax>285</ymax>
		</bndbox>
	</object>
	<object>
		<name>metal</name>
		<pose>Unspecified</pose>
		<truncated>0</truncated>
		<difficult>0</difficult>
		<bndbox>
			<xmin>125</xmin>
			<ymin>215</ymin>
			<xmax>174</xmax>
			<ymax>319</ymax>
		</bndbox>
	</object>
</annotation>
