<annotation verified="yes">
	<folder>jinshu</folder>
	<filename>2424.png</filename>
	<path>C:\Datesets\datasets\MURA-v1.1\train-metal-data\se_test\jinshu\2424.png</path>
	<source>
		<database>Unknown</database>
	</source>
	<size>
		<width>347</width>
		<height>512</height>
		<depth>1</depth>
	</size>
	<segmented>0</segmented>
	<object>
		<name>metal</name>
		<pose>Unspecified</pose>
		<truncated>0</truncated>
		<difficult>0</difficult>
		<bndbox>
			<xmin>97</xmin>
			<ymin>374</ymin>
			<xmax>215</xmax>
			<ymax>426</ymax>
		</bndbox>
	</object>
	<object>
		<name>metal</name>
		<pose>Unspecified</pose>
		<truncated>0</truncated>
		<difficult>0</difficult>
		<bndbox>
			<xmin>169</xmin>
			<ymin>357</ymin>
			<xmax>186</xmax>
			<ymax>395</ymax>
		</bndbox>
	</object>
</annotation>
