<annotation verified="yes">
	<folder>jinshu</folder>
	<filename>2425.png</filename>
	<path>C:\Datesets\datasets\MURA-v1.1\train-metal-data\se_test\jinshu\2425.png</path>
	<source>
		<database>Unknown</database>
	</source>
	<size>
		<width>236</width>
		<height>512</height>
		<depth>1</depth>
	</size>
	<segmented>0</segmented>
	<object>
		<name>metal</name>
		<pose>Unspecified</pose>
		<truncated>0</truncated>
		<difficult>0</difficult>
		<bndbox>
			<xmin>83</xmin>
			<ymin>227</ymin>
			<xmax>136</xmax>
			<ymax>340</ymax>
		</bndbox>
	</object>
	<object>
		<name>metal</name>
		<pose>Unspecified</pose>
		<truncated>0</truncated>
		<difficult>0</difficult>
		<bndbox>
			<xmin>103</xmin>
			<ymin>291</ymin>
			<xmax>136</xmax>
			<ymax>308</ymax>
		</bndbox>
	</object>
</annotation>
