<annotation verified="yes">
	<folder>jinshu</folder>
	<filename>2426.png</filename>
	<path>C:\Datesets\datasets\MURA-v1.1\train-metal-data\se_test\jinshu\2426.png</path>
	<source>
		<database>Unknown</database>
	</source>
	<size>
		<width>233</width>
		<height>512</height>
		<depth>1</depth>
	</size>
	<segmented>0</segmented>
	<object>
		<name>metal</name>
		<pose>Unspecified</pose>
		<truncated>0</truncated>
		<difficult>0</difficult>
		<bndbox>
			<xmin>87</xmin>
			<ymin>340</ymin>
			<xmax>118</xmax>
			<ymax>354</ymax>
		</bndbox>
	</object>
	<object>
		<name>metal</name>
		<pose>Unspecified</pose>
		<truncated>0</truncated>
		<difficult>0</difficult>
		<bndbox>
			<xmin>115</xmin>
			<ymin>289</ymin>
			<xmax>166</xmax>
			<ymax>391</ymax>
		</bndbox>
	</object>
</annotation>
