<annotation verified="yes">
	<folder>jinshu</folder>
	<filename>2430.png</filename>
	<path>C:\Datesets\datasets\MURA-v1.1\train-metal-data\se_test\jinshu\2430.png</path>
	<source>
		<database>Unknown</database>
	</source>
	<size>
		<width>466</width>
		<height>512</height>
		<depth>1</depth>
	</size>
	<segmented>0</segmented>
	<object>
		<name>metal</name>
		<pose>Unspecified</pose>
		<truncated>0</truncated>
		<difficult>0</difficult>
		<bndbox>
			<xmin>249</xmin>
			<ymin>44</ymin>
			<xmax>302</xmax>
			<ymax>294</ymax>
		</bndbox>
	</object>
	<object>
		<name>metal</name>
		<pose>Unspecified</pose>
		<truncated>0</truncated>
		<difficult>0</difficult>
		<bndbox>
			<xmin>221</xmin>
			<ymin>324</ymin>
			<xmax>274</xmax>
			<ymax>420</ymax>
		</bndbox>
	</object>
	<object>
		<name>metal</name>
		<pose>Unspecified</pose>
		<truncated>0</truncated>
		<difficult>0</difficult>
		<bndbox>
			<xmin>290</xmin>
			<ymin>125</ymin>
			<xmax>341</xmax>
			<ymax>261</ymax>
		</bndbox>
	</object>
</annotation>
