<annotation verified="yes">
	<folder>jinshu</folder>
	<filename>2433.png</filename>
	<path>C:\Datesets\datasets\MURA-v1.1\train-metal-data\se_test\jinshu\2433.png</path>
	<source>
		<database>Unknown</database>
	</source>
	<size>
		<width>289</width>
		<height>512</height>
		<depth>1</depth>
	</size>
	<segmented>0</segmented>
	<object>
		<name>metal</name>
		<pose>Unspecified</pose>
		<truncated>0</truncated>
		<difficult>0</difficult>
		<bndbox>
			<xmin>93</xmin>
			<ymin>95</ymin>
			<xmax>171</xmax>
			<ymax>281</ymax>
		</bndbox>
	</object>
	<object>
		<name>metal</name>
		<pose>Unspecified</pose>
		<truncated>0</truncated>
		<difficult>0</difficult>
		<bndbox>
			<xmin>138</xmin>
			<ymin>133</ymin>
			<xmax>197</xmax>
			<ymax>265</ymax>
		</bndbox>
	</object>
</annotation>
